name,caliber,price,quantity,price_per_round,retailer,in_stock,url,scraped_at
Buy this 1000 Rounds of Bulk 9mm Ammo by Magtech - 115gr FMJ,9MM,199.0,1000,0.199,Bulk Ammo,True,https://www.bulkammo.com/handgun?limit=100&p=1,2026-01-15 23:09:43
Buy this 1000 Rounds of Bulk 9mm Ammo by Magtech - 124gr FMJ,9MM,207.0,1000,0.207,Bulk Ammo,True,https://www.bulkammo.com/handgun?limit=100&p=1,2026-01-15 23:09:43
Buy this 1000 Rounds of  Bulk 9mm Ammo by Tula - 115gr FMJ,9MM,209.0,1000,0.209,Bulk Ammo,True,https://www.bulkammo.com/handgun?limit=100&p=1,2026-01-15 23:09:43
Buy this 1000 Rounds of Bulk 9mm Ammo by Wolf - 124gr FMJ,9MM,213.0,1000,0.213,Bulk Ammo,True,https://www.bulkammo.com/handgun?limit=100&p=1,2026-01-15 23:09:43
Buy this 1000 Rounds of Bulk 9mm Ammo by Blazer - 115gr FMJ,9MM,214.0,1000,0.214,Bulk Ammo,True,https://www.bulkammo.com/handgun?limit=100&p=1,2026-01-15 23:09:43
Buy this 1000 Rounds of  Bulk 9mm Ammo by Fiocchi - 115gr FMJ,9MM,214.0,1000,0.214,Bulk Ammo,True,https://www.bulkammo.com/handgun?limit=100&p=1,2026-01-15 23:09:43
Buy this 1000 Rounds of Bulk 9mm Ammo by Blazer Brass - 115gr FMJ,9MM,219.0,1000,0.219,Bulk Ammo,True,https://www.bulkammo.com/handgun?limit=100&p=1,2026-01-15 23:09:43
Buy this 1000 Rounds of  Bulk 9mm Ammo by Winchester Service Grade - 115gr FMJ,9MM,219.0,1000,0.219,Bulk Ammo,True,https://www.bulkammo.com/handgun?limit=100&p=1,2026-01-15 23:09:43
Buy this 1000 Rounds of  Bulk 9mm Ammo by Blazer  - 124gr FMJ,9MM,224.0,1000,0.224,Bulk Ammo,True,https://www.bulkammo.com/handgun?limit=100&p=1,2026-01-15 23:09:43
Buy this 1000 Rounds of Bulk 9mm Ammo by Federal - 115gr FMJ,9MM,224.0,1000,0.224,Bulk Ammo,True,https://www.bulkammo.com/handgun?limit=100&p=1,2026-01-15 23:09:43
Buy this 500 Rounds of Bulk 9mm Ammo by Federal - 115gr FMJ,9MM,109.0,500,0.218,Bulk Ammo,True,https://www.bulkammo.com/handgun?limit=100&p=1,2026-01-15 23:09:43
Buy this 1000 Rounds of Bulk 9mm Ammo by Remington - 115gr FMJ,9MM,230.0,1000,0.23,Bulk Ammo,True,https://www.bulkammo.com/handgun?limit=100&p=1,2026-01-15 23:09:43
Buy this 1000 Rounds of  Bulk 9mm Ammo by Aguila - 115gr FMJ,9MM,234.0,1000,0.234,Bulk Ammo,True,https://www.bulkammo.com/handgun?limit=100&p=1,2026-01-15 23:09:43
Buy this 1000 Rounds of  Bulk 9mm Ammo by Remington - 115gr MC,9MM,234.0,1000,0.234,Bulk Ammo,True,https://www.bulkammo.com/handgun?limit=100&p=1,2026-01-15 23:09:43
Buy this 1000 Rounds of Bulk 9mm Ammo by Magtech - 124gr FMJ,9MM,239.0,1000,0.239,Bulk Ammo,True,https://www.bulkammo.com/handgun?limit=100&p=1,2026-01-15 23:09:43
Buy this 1000 Rounds of  Bulk 9mm Ammo by Magtech - 115gr FMJ,9MM,239.0,1000,0.239,Bulk Ammo,True,https://www.bulkammo.com/handgun?limit=100&p=1,2026-01-15 23:09:43
Buy this 1000 Rounds of  Bulk 9mm Ammo by Winchester - 115gr FMJ,9MM,239.0,1000,0.239,Bulk Ammo,True,https://www.bulkammo.com/handgun?limit=100&p=1,2026-01-15 23:09:43
Buy this 1000 Rounds of Bulk 9mm Ammo by Winchester USA â€“ 115gr FMJ,9MM,239.0,1000,0.239,Bulk Ammo,True,https://www.bulkammo.com/handgun?limit=100&p=1,2026-01-15 23:09:43
Buy this 500  Rounds of  Bulk 9mm Ammo by Federal - 115gr FMJ,9MM,120.0,500,0.24,Bulk Ammo,True,https://www.bulkammo.com/handgun?limit=100&p=1,2026-01-15 23:09:43
Buy this 1000 Rounds of  Bulk 9mm Ammo by Federal - 115gr FMJ,9MM,245.0,1000,0.245,Bulk Ammo,True,https://www.bulkammo.com/handgun?limit=100&p=1,2026-01-15 23:09:43
Buy this 500  Rounds of  Bulk 9mm Ammo by Remington - 124gr MC,9MM,124.0,500,0.248,Bulk Ammo,True,https://www.bulkammo.com/handgun?limit=100&p=1,2026-01-15 23:09:43
Buy this 500 Rounds of  Bulk 9mm Ammo by Winchester - 124gr FMJ,9MM,124.0,500,0.248,Bulk Ammo,True,https://www.bulkammo.com/handgun?limit=100&p=1,2026-01-15 23:09:43
Buy this 500 Rounds of Bulk 9mm Ammo by MAXX Tech - 124gr FMJ,9MM,124.0,500,0.248,Bulk Ammo,True,https://www.bulkammo.com/handgun?limit=100&p=1,2026-01-15 23:09:43
Buy this 1000 Rounds of  Bulk 9mm Ammo by Sellier &amp; Bellot - 115gr FMJ,9MM,249.0,1000,0.249,Bulk Ammo,True,https://www.bulkammo.com/handgun?limit=100&p=1,2026-01-15 23:09:43
Buy this 1000 Rounds of  Bulk 9mm Ammo by Federal American Eagle - 124gr FMJ,9MM,249.0,1000,0.249,Bulk Ammo,True,https://www.bulkammo.com/handgun?limit=100&p=1,2026-01-15 23:09:43
Buy this 50 Rounds of  Bulk .45 ACP Ammo by Remington - 185gr MC,.45 ACP,26.75,50,0.535,Bulk Ammo,True,https://www.bulkammo.com/handgun?limit=100&p=2,2026-01-15 23:09:48
Buy this 1000 Rounds of  Bulk 9mm +P Ammo by Federal LE Tactical HST - 124gr JHP,9MM,549.0,1000,0.549,Bulk Ammo,True,https://www.bulkammo.com/handgun?limit=100&p=2,2026-01-15 23:09:48
Buy this 1000 Rounds of  Bulk .357 Mag Ammo by PMC - 158gr JSP,.357,549.0,1000,0.549,Bulk Ammo,True,https://www.bulkammo.com/handgun?limit=100&p=2,2026-01-15 23:09:48
Buy this 1000 Rounds of  Bulk 9mm Ammo by Federal - 147gr JHP,9MM,549.0,1000,0.549,Bulk Ammo,True,https://www.bulkammo.com/handgun?limit=100&p=2,2026-01-15 23:09:48
Buy this 1000 Rounds of  Bulk 9mm Ammo by Federal - 124gr JHP,9MM,549.0,1000,0.549,Bulk Ammo,True,https://www.bulkammo.com/handgun?limit=100&p=2,2026-01-15 23:09:48
Buy this 1000 Rounds of  Bulk 9mm Ammo by Speer - 124gr JHP,9MM,549.0,1000,0.549,Bulk Ammo,True,https://www.bulkammo.com/handgun?limit=100&p=2,2026-01-15 23:09:48
Buy this 1000 Rounds of  Bulk 9mm Ammo by Speer - 115gr JHP,9MM,549.0,1000,0.549,Bulk Ammo,True,https://www.bulkammo.com/handgun?limit=100&p=2,2026-01-15 23:09:48
Buy this 50 Rounds of  Bulk 9mm Ammo by Federal - 147gr JHP,9MM,27.99,50,0.5598,Bulk Ammo,True,https://www.bulkammo.com/handgun?limit=100&p=2,2026-01-15 23:09:48
Buy this 50 Rounds of  Bulk .380 ACP Ammo by Speer - 90gr JHP,.380,27.99,50,0.5598,Bulk Ammo,True,https://www.bulkammo.com/handgun?limit=100&p=2,2026-01-15 23:09:48
Buy this 50 Rounds of  Bulk 9mm +P Ammo by Federal - 124gr JHP HST,9MM,28.0,50,0.56,Bulk Ammo,True,https://www.bulkammo.com/handgun?limit=100&p=2,2026-01-15 23:09:48
Buy this 50 Rounds of  Bulk .357 Mag Ammo by Fiocchi - 158gr CMJ,.357,28.25,50,0.565,Bulk Ammo,True,https://www.bulkammo.com/handgun?limit=100&p=2,2026-01-15 23:09:48
Buy this 1000 Rounds of  Bulk .357 SIG Ammo by Federal - 125gr FMJ,.357,569.0,1000,0.569,Bulk Ammo,True,https://www.bulkammo.com/handgun?limit=100&p=2,2026-01-15 23:09:48
Buy this 1000 Rounds of Bulk .223 Ammo by Patriot Sports - 55gr FMJ,.223,405.0,1000,0.405,Bulk Ammo,True,https://www.bulkammo.com/rifle?limit=100&p=1,2026-01-15 23:09:56
Buy this 1000 Rounds of  Bulk .223 Ammo by PMC - 55gr FMJBT,.223,409.0,1000,0.409,Bulk Ammo,True,https://www.bulkammo.com/rifle?limit=100&p=1,2026-01-15 23:09:56
Buy this 500  Rounds of Bulk .223 Ammo by Wolf Military Classic  - 55gr FMJ,.223,205.0,500,0.41,Bulk Ammo,True,https://www.bulkammo.com/rifle?limit=100&p=1,2026-01-15 23:09:56
Buy this 1000 Rounds of  Bulk .223 Ammo by Fiocchi - 55gr FMJ,.223,429.0,1000,0.429,Bulk Ammo,True,https://www.bulkammo.com/rifle?limit=100&p=1,2026-01-15 23:09:56
Buy this 500  Rounds of  Bulk .223 Ammo by Federal - 55gr FMJBT,.223,214.0,500,0.428,Bulk Ammo,True,https://www.bulkammo.com/rifle?limit=100&p=1,2026-01-15 23:09:56
Buy this 1000 Rounds of Bulk 5.56x45 Ammo by CBC - 55gr FMJ M193,5.56,440.0,1000,0.44,Bulk Ammo,True,https://www.bulkammo.com/rifle?limit=100&p=1,2026-01-15 23:09:56
Buy this 1000 Rounds of  Bulk 5.56x45 Ammo by PMC - 55gr FMJ,5.56,440.0,1000,0.44,Bulk Ammo,True,https://www.bulkammo.com/rifle?limit=100&p=1,2026-01-15 23:09:56
Buy this 1000 Rounds of Bulk 5.56x45 Ammo by Fiocchi - 55gr FMJBT,5.56,444.0,1000,0.444,Bulk Ammo,True,https://www.bulkammo.com/rifle?limit=100&p=1,2026-01-15 23:09:56
Buy this 200 Rounds of Bulk .223 Ammo by Hornady - 55gr FMJ,.223,89.0,200,0.445,Bulk Ammo,True,https://www.bulkammo.com/rifle?limit=100&p=1,2026-01-15 23:09:56
Buy this 1000 Rounds of Bulk 5.56x45 Ammo by Magtech - 55gr FMJ M193,5.56,449.0,1000,0.449,Bulk Ammo,True,https://www.bulkammo.com/rifle?limit=100&p=1,2026-01-15 23:09:56
Buy this 1000 Rounds of Bulk 5.56x45 Ammo by Wolf - 55gr FMJ,5.56,449.0,1000,0.449,Bulk Ammo,True,https://www.bulkammo.com/rifle?limit=100&p=1,2026-01-15 23:09:56
Buy this 1000 Rounds of Bulk 5.56x45mm Ammo by PMC - 62gr FMJ M855 - Steel Penetrator Rounds,5.56,459.0,1000,0.459,Bulk Ammo,True,https://www.bulkammo.com/rifle?limit=100&p=1,2026-01-15 23:09:56
Buy this 1000 Rounds of Bulk 5.56x45 Ammo by Winchester - 55gr FMJ M193,5.56,474.0,1000,0.474,Bulk Ammo,True,https://www.bulkammo.com/rifle?limit=100&p=1,2026-01-15 23:09:56
Buy this 1000 Rounds of Bulk 7.62x39 Ammo by Tela Impex - 124gr FMJ,7.62x39,488.0,1000,0.488,Bulk Ammo,True,https://www.bulkammo.com/rifle?limit=100&p=1,2026-01-15 23:09:56
Buy this 1000 Rounds of  Bulk .223 Ammo in Battle Packs by PMC - 55gr FMJBT,.223,490.0,1000,0.49,Bulk Ammo,True,https://www.bulkammo.com/rifle?limit=100&p=1,2026-01-15 23:09:56
Buy this 1000 Rounds of  Bulk .223 Ammo by Remington - 55gr MC,.223,499.0,1000,0.499,Bulk Ammo,True,https://www.bulkammo.com/rifle?limit=100&p=1,2026-01-15 23:09:56
Buy this 1000 Rounds of Bulk 5.56x45 Ammo by Winchester - 55gr FMJ,5.56,499.0,1000,0.499,Bulk Ammo,True,https://www.bulkammo.com/rifle?limit=100&p=1,2026-01-15 23:09:56
Buy this 1000 Rounds of Bulk 5.56x45 Ammo by Winchester - 55gr FMJ,5.56,499.0,1000,0.499,Bulk Ammo,True,https://www.bulkammo.com/rifle?limit=100&p=1,2026-01-15 23:09:56
Buy this 1000 Rounds of  Bulk 5.56x45 Ammo by PMC - 55gr FMJ,5.56,509.0,1000,0.509,Bulk Ammo,True,https://www.bulkammo.com/rifle?limit=100&p=1,2026-01-15 23:09:56
Buy this 200 Rounds of Bulk .308 Win Ammo by Prvi Partizan - 180gr SP,.308,224.0,200,1.12,Bulk Ammo,True,https://www.bulkammo.com/rifle?limit=100&p=2,2026-01-15 23:10:00
Buy this 20 Rounds of Bulk .308 Win Ammo by Sellier &amp; Bellot - 150gr SPCE,.308,22.5,20,1.125,Bulk Ammo,True,https://www.bulkammo.com/rifle?limit=100&p=2,2026-01-15 23:10:00
Buy this 20 Rounds of  Bulk .308 Win Ammo by Fiocchi - 150gr PSP,.308,22.5,20,1.125,Bulk Ammo,True,https://www.bulkammo.com/rifle?limit=100&p=2,2026-01-15 23:10:00
Buy this 20 Rounds of  Bulk 7.62x51mm Ammo by PMC X-Tac - 147gr FMJBT,.308,22.5,20,1.125,Bulk Ammo,True,https://www.bulkammo.com/rifle?limit=100&p=2,2026-01-15 23:10:00
Buy this 200 Rounds of Bulk 5.56x45 Ammo by Hornady - 75gr InterLock HD SBR,5.56,234.0,200,1.17,Bulk Ammo,True,https://www.bulkammo.com/rifle?limit=100&p=2,2026-01-15 23:10:00
Buy this 20 Rounds of  Bulk .223 Ammo by Remington - 50gr Accutip,.223,23.5,20,1.175,Bulk Ammo,True,https://www.bulkammo.com/rifle?limit=100&p=2,2026-01-15 23:10:00
Buy this 20 Rounds of  Bulk .308 Win Ammo by Fiocchi - 150gr FMJBT,.308,23.5,20,1.175,Bulk Ammo,True,https://www.bulkammo.com/rifle?limit=100&p=2,2026-01-15 23:10:00
Buy this 20 Rounds of  Bulk .223 Ammo by Federal - 55gr SP,.223,23.5,20,1.175,Bulk Ammo,True,https://www.bulkammo.com/rifle?limit=100&p=2,2026-01-15 23:10:00
Buy this 4400 Rounds of Bulk .22 LR Ammo by Federal - 36gr CPHP,22LR,214.0,4400,0.0486,Bulk Ammo,True,https://www.bulkammo.com/rimfire?limit=100&p=1,2026-01-15 23:10:07
Buy this 6600 Rounds of Bulk .22 LR Ammo by Remington - 38gr LRN,22LR,329.0,6600,0.0498,Bulk Ammo,True,https://www.bulkammo.com/rimfire?limit=100&p=1,2026-01-15 23:10:07
Buy this 6300 Rounds of Bulk .22 LR Ammo by Remington - 40gr LRN,22LR,359.0,6300,0.057,Bulk Ammo,True,https://www.bulkammo.com/rimfire?limit=100&p=1,2026-01-15 23:10:07
Buy this 3330 Rounds of  Bulk .22 LR Ammo by Winchester - 36gr CPHP,22LR,199.0,3330,0.0598,Bulk Ammo,True,https://www.bulkammo.com/rimfire?limit=100&p=1,2026-01-15 23:10:07
Buy this 5250 Rounds of Bulk .22 LR Ammo by Federal - 36gr LHP,22LR,319.0,5250,0.0608,Bulk Ammo,True,https://www.bulkammo.com/rimfire?limit=100&p=1,2026-01-15 23:10:07
Buy this 3250 Rounds of Bulk .22 LR Ammo by Federal - 36gr LHP,22LR,199.0,3250,0.0612,Bulk Ammo,True,https://www.bulkammo.com/rimfire?limit=100&p=1,2026-01-15 23:10:07
Buy this 5250 Rounds of  Bulk .22 LR Ammo by Winchester - 36gr CPHP,22LR,324.0,5250,0.0617,Bulk Ammo,True,https://www.bulkammo.com/rimfire?limit=100&p=1,2026-01-15 23:10:07
Buy this 5000 Rounds of Bulk .22 LR Ammo by Winchester Game &amp; Target - 36gr CPHP,22LR,310.0,5000,0.062,Bulk Ammo,True,https://www.bulkammo.com/rimfire?limit=100&p=1,2026-01-15 23:10:07
Buy this 2000 Rounds of Bulk .22 LR Ammo by Winchester - 36gr CPHP,22LR,124.0,2000,0.062,Bulk Ammo,True,https://www.bulkammo.com/rimfire?limit=100&p=1,2026-01-15 23:10:07
Buy this 5550 Rounds of  Bulk .22 LR Ammo by Winchester - 36gr CPHP,22LR,354.0,5550,0.0638,Bulk Ammo,True,https://www.bulkammo.com/rimfire?limit=100&p=1,2026-01-15 23:10:07
Buy this 333 Rounds of  Bulk .22 LR Ammo by Winchester - 36gr CPHP,22LR,22.5,333,0.0676,Bulk Ammo,True,https://www.bulkammo.com/rimfire?limit=100&p=1,2026-01-15 23:10:07
Buy this 555 Rounds of  Bulk .22 LR Ammo by Winchester - 36gr CPHP,22LR,37.5,555,0.0676,Bulk Ammo,True,https://www.bulkammo.com/rimfire?limit=100&p=1,2026-01-15 23:10:07
Buy this 525 Rounds of  Bulk .22 LR Ammo by Winchester - 36gr CPHP,22LR,35.5,525,0.0676,Bulk Ammo,True,https://www.bulkammo.com/rimfire?limit=100&p=1,2026-01-15 23:10:07
Buy this 5000 Rounds of Bulk .22 LR Ammo by Winchester - 40gr LRN,22LR,339.0,5000,0.0678,Bulk Ammo,True,https://www.bulkammo.com/rimfire?limit=100&p=1,2026-01-15 23:10:07
Buy this 5000 Rounds of  Bulk .22 LR Ammo by Remington - 40gr LRN,22LR,344.0,5000,0.0688,Bulk Ammo,True,https://www.bulkammo.com/rimfire?limit=100&p=1,2026-01-15 23:10:07
Buy this 1000 Rounds of  Bulk .22 LR Ammo by Winchester - 40gr CPRN,22LR,69.0,1000,0.069,Bulk Ammo,True,https://www.bulkammo.com/rimfire?limit=100&p=1,2026-01-15 23:10:07
Buy this 5250 Rounds of  Bulk .22 LR Ammo by Federal - 36gr CPHP,22LR,369.0,5250,0.0703,Bulk Ammo,True,https://www.bulkammo.com/rimfire?limit=100&p=1,2026-01-15 23:10:07
Buy this 3250 Rounds of  Bulk .22 LR Ammo by Federal AutoMatch - 40gr LRN,22LR,239.0,3250,0.0735,Bulk Ammo,True,https://www.bulkammo.com/rimfire?limit=100&p=1,2026-01-15 23:10:07
Buy this 5000 Rounds of  Bulk .22 LR Ammo by CCI - 40gr LRN,22LR,379.0,5000,0.0758,Bulk Ammo,True,https://www.bulkammo.com/rimfire?limit=100&p=1,2026-01-15 23:10:07
Buy this 5000 Rounds of  Bulk .22 LR Ammo by Federal - 40gr LRN,22LR,384.0,5000,0.0768,Bulk Ammo,True,https://www.bulkammo.com/rimfire?limit=100&p=1,2026-01-15 23:10:07
Buy this 500  Rounds of  Bulk .22 LR Ammo by Federal - 40gr CPRN,22LR,39.0,500,0.078,Bulk Ammo,True,https://www.bulkammo.com/rimfire?limit=100&p=1,2026-01-15 23:10:07
Buy this 5000 Rounds of  Bulk .22 LR Ammo by Federal - 40gr CPRN,22LR,394.0,5000,0.0788,Bulk Ammo,True,https://www.bulkammo.com/rimfire?limit=100&p=1,2026-01-15 23:10:07
Buy this 5000 Rounds of  Bulk .22 LR Ammo by CCI Blazer - 40gr LRN,22LR,399.0,5000,0.0798,Bulk Ammo,True,https://www.bulkammo.com/rimfire?limit=100&p=1,2026-01-15 23:10:07
Buy this 5000 Rounds of Bulk .22 LR Ammo by Winchester - 40gr CPHP,22LR,399.0,5000,0.0798,Bulk Ammo,True,https://www.bulkammo.com/rimfire?limit=100&p=1,2026-01-15 23:10:07
Buy this 500  Rounds of  Bulk .22 LR Ammo by CCI - 40gr LRN,22LR,42.5,500,0.085,Bulk Ammo,True,https://www.bulkammo.com/rimfire?limit=100&p=1,2026-01-15 23:10:07
Buy this 500  Rounds of  Bulk .22 LR Ammo by Federal - 40gr LRN,22LR,42.5,500,0.085,Bulk Ammo,True,https://www.bulkammo.com/rimfire?limit=100&p=1,2026-01-15 23:10:07
Buy this 5000 Rounds of  Bulk .22 LR Ammo by CCI - 36gr CPHP,22LR,439.0,5000,0.0878,Bulk Ammo,True,https://www.bulkammo.com/rimfire?limit=100&p=2,2026-01-15 23:10:11
Buy this 500  Rounds of  Bulk .22 LR Ammo by Fiocchi - 38gr CPHP,22LR,44.5,500,0.089,Bulk Ammo,True,https://www.bulkammo.com/rimfire?limit=100&p=2,2026-01-15 23:10:11
Buy this 4000 Rounds of  Bulk .22 LR Ammo by Federal - 38gr CPHP,22LR,374.0,4000,0.0935,Bulk Ammo,True,https://www.bulkammo.com/rimfire?limit=100&p=2,2026-01-15 23:10:11
Buy this 500  Rounds of  Bulk .22 LR Ammo by Federal - 38gr CPHP,22LR,49.0,500,0.098,Bulk Ammo,True,https://www.bulkammo.com/rimfire?limit=100&p=2,2026-01-15 23:10:11
Buy this 500  Rounds of  Bulk .22 LR Ammo by Remington - 36gr LHP,22LR,49.5,500,0.099,Bulk Ammo,True,https://www.bulkammo.com/rimfire?limit=100&p=2,2026-01-15 23:10:11
Buy this 500  Rounds of  Bulk .22 LR Ammo by Federal - 40gr LRN,22LR,51.5,500,0.103,Bulk Ammo,True,https://www.bulkammo.com/rimfire?limit=100&p=2,2026-01-15 23:10:11
Buy this 300 Rounds of  Bulk .22 LR Ammo by CCI - 40gr CPRN,22LR,31.75,300,0.1058,Bulk Ammo,True,https://www.bulkammo.com/rimfire?limit=100&p=2,2026-01-15 23:10:11
Buy this 50 Rounds of  Bulk .22 LR Ammo by Federal - 40gr LRN,22LR,5.45,50,0.109,Bulk Ammo,True,https://www.bulkammo.com/rimfire?limit=100&p=2,2026-01-15 23:10:11
Buy this 100 Rounds of  Bulk .22 LR Ammo by CCI - 40gr CPRN,22LR,11.25,100,0.1125,Bulk Ammo,True,https://www.bulkammo.com/rimfire?limit=100&p=2,2026-01-15 23:10:11
Buy this 100 Rounds of  Bulk .22 LR Ammo by CCI - 36gr CPHP,22LR,11.25,100,0.1125,Bulk Ammo,True,https://www.bulkammo.com/rimfire?limit=100&p=2,2026-01-15 23:10:11
Buy this 300 Rounds of Bulk .22 LR Ammo by CCI - 36gr CPHP,22LR,34.5,300,0.115,Bulk Ammo,True,https://www.bulkammo.com/rimfire?limit=100&p=2,2026-01-15 23:10:11
Buy this 2000 Rounds of  Bulk .22 LR Ammo by Winchester - 40gr HP,22LR,234.0,2000,0.117,Bulk Ammo,True,https://www.bulkammo.com/rimfire?limit=100&p=2,2026-01-15 23:10:11
Buy this 50 Rounds of  Bulk .22 LR Ammo by Federal - 31gr CPHP,22LR,6.0,50,0.12,Bulk Ammo,True,https://www.bulkammo.com/rimfire?limit=100&p=2,2026-01-15 23:10:11
Buy this 100 Rounds of  Bulk .22 LR Ammo by CCI - 40gr LRN,22LR,12.25,100,0.1225,Bulk Ammo,True,https://www.bulkammo.com/rimfire?limit=100&p=2,2026-01-15 23:10:11
Buy this 50 Rounds of  Bulk .22 LR Ammo by CCI Standard Velocity (0035) - 40gr LRN,22LR,6.25,50,0.125,Bulk Ammo,True,https://www.bulkammo.com/rimfire?limit=100&p=2,2026-01-15 23:10:11
Buy this 100 Rounds of  Bulk .22 LR Ammo by CCI - 40gr LHP,22LR,12.75,100,0.1275,Bulk Ammo,True,https://www.bulkammo.com/rimfire?limit=100&p=2,2026-01-15 23:10:11
Buy this 50 Rounds of  Bulk .22 LR Ammo by Federal - 40gr CPRN,22LR,6.5,50,0.13,Bulk Ammo,True,https://www.bulkammo.com/rimfire?limit=100&p=2,2026-01-15 23:10:11
Buy this 500  Rounds of  Bulk .22 LR Ammo by Wolf Match Target - 40gr LRN,22LR,69.0,500,0.138,Bulk Ammo,True,https://www.bulkammo.com/rimfire?limit=100&p=2,2026-01-15 23:10:11
Buy this 100 Rounds of  Bulk .22 LR Ammo by Winchester - 40gr PP,22LR,14.25,100,0.1425,Bulk Ammo,True,https://www.bulkammo.com/rimfire?limit=100&p=2,2026-01-15 23:10:11
Buy this 250 Rounds of  Bulk 20ga Ammo by Winchester - 7/8 ounce #7 1/2 shot,20GA,89.0,250,0.356,Bulk Ammo,True,https://www.bulkammo.com/shotgun?limit=100&p=1,2026-01-15 23:10:20
Buy this 250 Rounds of  Bulk 20ga Ammo by Winchester Super-X - 1 ounce #8 shot,20GA,89.0,250,0.356,Bulk Ammo,True,https://www.bulkammo.com/shotgun?limit=100&p=1,2026-01-15 23:10:20
Buy this 250 Rounds of  Bulk 12ga Ammo by Federal - 1 1/8 ounce #8 shot,12GA,93.0,250,0.372,Bulk Ammo,True,https://www.bulkammo.com/shotgun?limit=100&p=1,2026-01-15 23:10:20
Buy this 250 Rounds of  Bulk 12ga Ammo by Winchester - 1 ounce #9 shot,12GA,94.0,250,0.376,Bulk Ammo,True,https://www.bulkammo.com/shotgun?limit=100&p=1,2026-01-15 23:10:20
Buy this 250 Rounds of  Bulk 12ga Ammo by Remington Gun Club - 1 1/8 ounce #8 shot,12GA,94.0,250,0.376,Bulk Ammo,True,https://www.bulkammo.com/shotgun?limit=100&p=1,2026-01-15 23:10:20
Buy this 250 Rounds of  Bulk 12ga Ammo by Estate Cartridge - 1 ounce #8 shot,12GA,94.0,250,0.376,Bulk Ammo,True,https://www.bulkammo.com/shotgun?limit=100&p=1,2026-01-15 23:10:20
Buy this 250 Rounds of Bulk 12ga Ammo by Winchester - 1 ounce #7 1/2 shot,12GA,94.5,250,0.378,Bulk Ammo,True,https://www.bulkammo.com/shotgun?limit=100&p=1,2026-01-15 23:10:20
Buy this 250 Rounds of  Bulk 12ga Ammo by Federal - 1 1/8 ounce #9 shot,12GA,95.25,250,0.381,Bulk Ammo,True,https://www.bulkammo.com/shotgun?limit=100&p=1,2026-01-15 23:10:20
Buy this 250 Rounds of  Bulk 12ga Ammo by Federal - 1 ounce #7 1/2 shot,12GA,85.0,250,0.34,Bulk Ammo,True,https://www.bulkammo.com/bulk-12gauge-ammo-12gauge234in1oz75tgl1275federal-250,2026-01-15 23:10:20
Buy this 250 Rounds of  Bulk 12ga Ammo by Federal - 1 1/8 ounce #8 shot,12GA,96.0,250,0.384,Bulk Ammo,True,https://www.bulkammo.com/shotgun?limit=100&p=1,2026-01-15 23:10:20
Buy this 250 Rounds of  Bulk 12ga Ammo by Remington - 1 1/8 ounce #7 1/2 Shot,12GA,98.0,250,0.392,Bulk Ammo,True,https://www.bulkammo.com/shotgun?limit=100&p=1,2026-01-15 23:10:20
Buy this 250 Rounds of  Bulk 20ga Ammo by Federal - 7/8 ounce #9 shot,20GA,87.0,250,0.348,Bulk Ammo,True,https://www.bulkammo.com/bulk-20ga-ammo-20ga2-34target78oz9fedtg-250,2026-01-15 23:10:20
Buy this 250 Rounds of  Bulk 12ga Ammo by Winchester Super Target - 1 ounce #7 1/2 shot,12GA,99.0,250,0.396,Bulk Ammo,True,https://www.bulkammo.com/shotgun?limit=100&p=1,2026-01-15 23:10:20
Buy this 250 Rounds of  Bulk 12ga Ammo by Winchester - 1 1/8 ounce #4 shot,12GA,100.0,250,0.4,Bulk Ammo,True,https://www.bulkammo.com/shotgun?limit=100&p=1,2026-01-15 23:10:20
Buy this 5 Rounds of  Bulk 12ga Ammo by Federal -  00 Buck,12GA,12.55,5,2.51,Bulk Ammo,True,https://www.bulkammo.com/shotgun?limit=100&p=2,2026-01-15 23:10:25
Buy this 5 Rounds of  Bulk 12ga Ammo by Remington -  #4 Buck,12GA,15.5,5,3.1,Bulk Ammo,True,https://www.bulkammo.com/shotgun?limit=100&p=2,2026-01-15 23:10:25
Buy this 5 Rounds of  Bulk 12ga Ammo by Federal Premium Vital-Shok - 3&quot; 000 Buck,12GA,16.5,5,3.3,Bulk Ammo,True,https://www.bulkammo.com/shotgun?limit=100&p=2,2026-01-15 23:10:25
Buy this 5 Rounds of  Bulk 12ga Ammo by Hornady - 300 gr SST Sabot Slug,12GA,17.25,5,3.45,Bulk Ammo,True,https://www.bulkammo.com/shotgun?limit=100&p=2,2026-01-15 23:10:25
Buy this 5 Rounds of  Bulk 20ga Ammo by Hornady - 250gr Sabot Slug,20GA,17.5,5,3.5,Bulk Ammo,True,https://www.bulkammo.com/shotgun?limit=100&p=2,2026-01-15 23:10:25
