name,caliber,price,quantity,price_per_round,retailer,in_stock,url,scraped_at
[Ammo] Hornady Frontier .223 FMJ (55gr | 50rd) - $16.99 ($0.34cpr) + shipping(maybe tax) RESTOCKED,.223,16.99,20,0.8495,Reddit: Sgogunsandammo,True,https://www.sgogunsandammo.com/product-p/fr1005.htm,2025-06-09 21:17:41
[AMMO] Federal 9MM 124GR HST HP $485.00 48.5 CPR Free shipping no tax to some states,9MM,485.0,20,24.25,Reddit: Stunomma,True,https://stunomma.com/product/fed-premium-hst-9mm-124gr-jhp-1000-rounds/,2025-06-09 21:17:41
[AMMO] Speer Gold Dot 9mm 124 Gr JHP 400rd range bundle - $219.99+shipping,9MM,219.99,20,10.9995,Reddit: Ammunitiondepot,True,https://www.ammunitiondepot.com/282-speer-gold-dot-9mm-124-grain-hp.html,2025-06-09 21:17:41
[Ammo] 1500 rds 9mm 115gr FMJ Federal American Eagle - $329.16 (21.9 CPR) - Free Shipping Everywhere,9MM,329.16,20,16.458,Reddit: Wildhorseammunition,True,https://wildhorseammunition.com/product/federal-american-eagle-9mm-luger-ammo-115-grain-full-metal-jacket-ae9dp100/,2025-06-09 21:17:41
[AMMO] CCI Blazer Brass 9mm 124gr 50/Box $329.16/1500 21.9 CPR Free S/H | Taxes May Apply See 1st Co,9MM,329.16,50,6.5832,Reddit: Aeammo,True,https://aeammo.com/cci-blazer-brass-9mm-luger-124gr-fmj-ammo-1090-fps-50-box-30-boxes-1500-rounds-free-shipping/,2025-06-09 21:17:41
[AMMO] Winchester 9mm brass $22.99 100 rounds .23cpr,9MM,22.99,100,0.2299,Reddit: Academy,True,https://www.academy.com/p/winchester-usa-full-metal-jacket-9mm-luger-115-grain-handgun-ammunition-100-rounds,2025-06-09 21:17:41
[Ammo] Winchester Ammunition Silvertip 9MM 115 Grain Hollow Point Handgun Ammo - 200 Rounds - $89.95,9MM,89.95,200,0.4498,Reddit: Ar15Discounts,True,https://ar15discounts.com/products/winchester-ammunition-silvertip-9mm-115-grain-hollow-point-handgun-ammo-200-rounds/,2025-06-09 21:17:41
[Ammo] Federal Premium HST 9mm 124 Gr JHP Battle Pack 250rd - $129.99,9MM,129.99,20,6.4995,Reddit: Ammunitiondepot,True,https://www.ammunitiondepot.com/2436-federal-premium-hst-9mm-124-grain-jhp-the-prepper-battle-pack-cfg.html,2025-06-09 21:17:41
"[AMMO] CCI Blazer 9mm 115gr,124gr,147gr 1000 rnd case - $219.99 Free Ship w/ Code HN583FAY",9MM,219.99,1000,0.22,Reddit: Gundealusa,True,https://gundealusa.com/?s=Hgsale&amp;post_type=product&amp;title=1&amp;excerpt=1&amp;content=1&amp;categories=1&amp;attributes=1&amp;tags=1&amp;sku=1&amp;ixwps=1,2025-06-09 21:17:41
[AMMO] Patriot Sports by STV .223 REM 55GR FMJ - New Brass - P223055F - 20rd Box - FLASH Sale - $7.5,.223,7.55,50,0.151,Reddit: 2Awarehouse,True,https://2awarehouse.com/patriot-sports-by-stv-223-rem-55gr-fmj-new-brass-p223055f-20rd-box-flash-sale/?goal=0_e342665a2c-f6fbfc04f7-378237306&amp;mc_cid=f6fbfc04f7&amp;mc_eid=4deb437d59,2025-06-09 21:17:41
[Ammo] Hornady Frontier 223 REM 55GR 50 Rounds FMJ $16.99 ($0.34 cpr) + shipping - No tax to PA,.223,16.99,50,0.3398,Reddit: Sgogunsandammo,True,https://www.sgogunsandammo.com/product-p/fr1005.htm,2025-06-09 21:17:41
[AMMO] Magtech 55gr 5.56 $419.99,5.56,419.99,20,20.9995,Reddit: Rivertownmunitions,True,https://rivertownmunitions.com/product/magtech-first-defense-tactical-5-56x45-m193-55-grain-fmj-50-rd-box-free-shipping-1000-rd-case/,2025-06-09 21:17:41
[AMMO] STV Scorpio 9mm Luger 124gr FMJ - 1000 Rounds $200 + $17 shipping per case,9MM,200.0,1000,0.2,Reddit: Luxuscap,True,https://luxuscap.com/product/stv-scorpio-9mm-luger-124gr-fmj/,2025-06-09 21:17:41
[Ammo] Hornady American Gunner 80897 300 Blackout 125 grain Hollowpoint 50 rounds - with coupon $48.,300 BLK,48.11,50,0.9622,Reddit: Alpinerange,True,https://alpinerange.com/hornady-american-gunner-horn-80897-am-gunner-300bo-125-hp-50-10/,2025-06-09 21:17:41
[Ammo] Speer - Lawman - 9mm - 147gr - CLEANFIRE - Subsonic - TMJ - (53826) - $297.99/ 1000rds ($0.29,9MM,297.99,20,14.8995,Reddit: Nrammo,True,https://nrammo.com/product/speer-lawman-9mm-147gr-subsonic-cleanfire-tmj-53826-1000rds-no-tax-outside-nc-free-shipping/,2025-06-09 21:17:41
[AMMO] Federal American Eagle 9mm 124gr or 115gr FMJ 50/Box $344.16/1500 22.9 CPR Free S/H or $234.9,9MM,344.16,50,6.8832,Reddit: Aeammo,True,https://aeammo.com/federal-american-eagle-ammo-9mm-luger-124gr-fmj-1150-fps-50-box-30-boxes-1500-rounds-free-shipping/,2025-06-09 21:17:41
"[Ammo] Speer 147gr subsonic 9mm $260 26CPR for 1000rds, Free Shipping no sales tax",9MM,260.0,20,13.0,Reddit: Freeshippingammo,True,https://freeshippingammo.com/speer-lawman-9mm-147gr-tmj-53620/,2025-06-09 21:17:41
